Run,Num Solar Panels,Num Wind Turbines,Best Fitness (Energy Production)
1,3169,1,81263201.32852563
2,2770,2,71153427.75961539
3,2769,2,71127818.74198718
5,2600,1,66691670.29807693
